topic,sentiment_mean,sentiment_std,subjectivity_mean,subjectivity_std,counting
Adaptation,0.2423689783939069,0.7674772381626476,-0.31830905379662067,0.5211075428726504,16.0
Causes,0.5678305614518654,0.7485692134105815,0.1909424500181565,1.2248004051987837,3.0
Hazard,-0.1083143748520066,0.9104056000924037,0.06619860470155581,0.9296437730812049,54.0
Impacts,0.3677195559057712,0.04312860758463761,0.5924320157547905,0.7311036896410165,2.0
Mitigation,0.4071417915387065,1.0,-0.408248290463863,1.0,1.0
