keyword,sentiment_mean,sentiment_std,subjectivity_mean,subjectivity_std,counting
'Hochwasser Deiche',0.871112282242135,0.4757467250033172,-0.3958215590097536,0.557308315497757,3.0
'Hochwasser Feuerwehr',0.7071067811865476,1.0,,1.0,1.0
'Hochwasser Tote',-0.33787856218272183,0.5221675549260736,0.22079082327636942,0.6877546232750372,2.0
'Hochwasser',0.2276415481608843,0.6074429395782209,0.06880194586679224,1.0018771079134585,14.0
'Hochwasserschutz',-0.0702498194494244,0.886387273742452,-0.40712777105022385,0.6923829444904608,5.0
'Überflutung',0.033797586849507344,1.047797005698056,1.001264158847496,1.0,2.0
'Überschwemmung',-0.36033435149417475,0.8850947826302061,0.05620379928949537,0.675219095121797,14.0
