topic,sentiment_mean,sentiment_std,subjectivity_mean,subjectivity_std,counting
Adaptation,0.3578519700472802,0.813799748129681,-0.26956214556574487,0.5522460610845351,18.0
Causes,0.3521534459337829,0.7428128902897129,0.24219488532308917,0.9184995736680435,7.0
Hazard,-0.13341154645332806,0.9408496326000902,-0.009588513112981473,0.9391762547790148,66.0
Impacts,0.27871780704695587,0.2796479656831472,0.8400981507015616,1.2227266851699785,4.0
Mitigation,0.4071417915387065,1.0,-0.408248290463863,1.0,1.0
