topic,sentiment_mean,sentiment_std,subjectivity_mean,subjectivity_std,counting
Hazard,0.00977777777777781,0.6344910679780412,0.034848484848484865,0.5553004464779278,15.0
