topic,sentiment_mean,sentiment_std,subjectivity_mean,subjectivity_std,counting
Adaptation,0.36555646903964417,0.9503352581776093,-0.3946397796370797,0.548064566026185,20.0
Causes,0.2610857559889426,0.9721702459169961,0.1750317171242161,1.034949013360749,11.0
Hazard,-0.11250887859505335,0.9086336754494709,0.000978992916036088,0.9381808347940181,113.0
Impacts,0.09319746211957049,0.7996659170284361,0.648164953063619,1.1463399561930538,9.0
Mitigation,0.49124668970674396,1.0851872345224916,-0.40287661429556293,0.2484004226163768,4.0
