topic,sentiment_mean,sentiment_std,subjectivity_mean,subjectivity_std,counting
Adaptation,0.18562955099143344,0.9005151413660406,0.06582124597582659,0.9488419068418292,56.0
Causes,0.1805814754191576,1.1685047605431138,-0.10083634106285617,0.8683708349347151,37.0
Hazard,-0.03938464489364526,0.962465292494565,-0.001539705227641814,0.9919099550789928,366.0
Impacts,-0.10422655820171922,0.9196492718490014,0.2650496518819027,1.0608375849893656,32.0
Mitigation,0.03552962367005427,0.8881917832518097,-0.2792132254144586,0.553269477098235,26.0
