week,sentiment_mean,sentiment_std,subjectivity_mean,subjectivity_std,counting
2025-38,0.04168100871634216,1.0459909365258593,0.05220888367304996,0.8841977018176813,9.0
2025-39,-0.1296427746310955,1.048502141089765,-0.15184221624643368,0.9195539761648837,19.0
2025-40,0.2946858155727642,0.6912594912079465,0.5983179290838547,0.8018174068244396,20.0
2025-41,-0.3204681440938228,1.058134330779253,-0.05703279763948541,0.70624396484532,6.0
2025-42,0.09634888177475626,0.789917248319327,-0.43947750497814414,0.24029405124428482,6.0
2025-43,-0.10554169747598686,0.7602871989581268,-0.5407367730844327,0.7522541575206855,14.0
2025-44,-0.2833333333333333,1.0,0.0,1.0,1.0
2025-45,0.175,1.0,0.0,1.0,1.0
