topic,sentiment_mean,sentiment_std,subjectivity_mean,subjectivity_std,counting
Adaptation,0.45149547919039335,0.8518526439304935,-0.2517369624833523,0.6068640889264526,18.0
Causes,0.29055446328863527,0.7059640896693687,0.12516983038828464,1.105558902434205,9.0
Hazard,-0.12332423047935238,0.9259741865196115,0.0022174746151948244,0.9258155288950699,82.0
Impacts,0.051700496568343086,0.8028645776736041,0.5290717094456908,1.1434182635450285,6.0
Mitigation,0.4071417915387065,1.0,-0.408248290463863,1.0,1.0
