week,sentiment_mean,sentiment_std,subjectivity_mean,subjectivity_std,counting
2025-38,0.18573478932759468,1.1688774837822933,0.11788495171841998,1.0182387161099722,9.0
2025-39,-0.0242013343145916,1.104551129597349,-0.1010244423660512,0.9723315693002248,19.0
2025-40,0.3700891866941212,0.7550846489027914,0.7428497051124601,0.8469634666063054,20.0
2025-41,-0.25404015191189394,1.0328023088078806,0.024732354084684754,0.8220702108770407,6.0
2025-42,0.12014631632426725,0.8126850000074856,-0.4344302020690382,0.24139672449304164,6.0
2025-43,-0.07556315272308822,0.9062783675237575,-0.5950282307432438,0.42961266998091907,14.0
2025-44,-0.020661162051064816,0.3714745470853727,-0.24386884419759897,0.3448826269044957,2.0
2025-45,-0.48416463620007916,0.6191433021534563,-0.649685941542756,0.31608643967646255,13.0
2025-46,0.05522918004880012,0.6869265545757012,0.6742877213793536,0.9213265632806772,7.0
