topic,sentiment_mean,sentiment_std,subjectivity_mean,subjectivity_std,counting
Adaptation,0.5045663960199434,0.9062474106341792,-0.35633648459599043,0.5456515618723313,18.0
Causes,0.18685331842153788,0.823443046687923,0.125226443828356,1.0611794088915438,10.0
Hazard,-0.1177185622041067,0.9340779528644069,-0.0002536254366814375,0.9427348613986907,95.0
Impacts,0.11053933052770692,0.6860284866169427,0.4816257771789873,1.0242844432812728,10.0
Mitigation,0.4071417915387065,1.0,-0.408248290463863,1.0,1.0
