topic,sentiment_mean,sentiment_std,subjectivity_mean,subjectivity_std,counting
Adaptation,0.27218582773916367,0.7716438813736637,-0.28956098932052016,0.5246480182586676,16.0
Causes,0.5678305614518654,0.7485692134105815,0.1909424500181565,1.2248004051987837,3.0
Hazard,-0.1063525326661493,0.9211103004995103,0.06454728467601502,0.9515751974569132,57.0
Impacts,0.2404958807498634,0.2224581510231143,0.25887191368190604,0.7752698417892787,3.0
Mitigation,0.4071417915387065,1.0,-0.408248290463863,1.0,1.0
