topic,sentiment_mean,sentiment_std,subjectivity_mean,subjectivity_std,counting
Adaptation,0.1782849433511761,0.8820094534010657,0.07742497349766327,0.9153586339052118,48.0
Causes,0.11597928199828432,1.1410536031617406,-0.10308271281424326,0.8730275691830437,33.0
Hazard,-0.053286444146781894,0.9698548781553868,0.0013105169812163008,0.9940585392059176,332.0
Impacts,0.013046384777374569,0.8882133528049795,0.2819116204716457,1.089407198783118,29.0
Mitigation,0.22343053443759778,0.8702531500392402,-0.37670130654093675,0.37078029367687015,22.0
