topic,sentiment_mean,sentiment_std,subjectivity_mean,subjectivity_std,counting
Adaptation,0.22118808000715537,0.9046637979147937,0.04985739940637449,0.9481660665249737,64.0
Causes,0.1839055286045052,1.136223212324683,-0.1063443531769678,0.8658019954046225,39.0
Hazard,-0.038671813517342044,0.9600794324706262,-0.0015745178511647915,0.9925171383789777,403.0
Impacts,-0.18178425814522992,0.9649763109794399,0.2551985599942873,1.0499122956641989,34.0
Mitigation,0.02912803173365536,0.9163928775770408,-0.2514406910899126,0.5695758379099669,26.0
