topic,sentiment_mean,sentiment_std,subjectivity_mean,subjectivity_std,counting
Adaptation,0.21770941618292222,0.8946217982727934,-0.24861881448797316,0.5648057089711869,22.0
Causes,0.29163555106775724,1.032270320816677,0.003593880502860628,1.04501942708003,17.0
Hazard,-0.09094861794488805,0.927688941604468,0.018518021407550118,0.9569929142309538,138.0
Impacts,-0.05159287397296642,0.9302428199506619,0.3496884652812728,1.186080451986406,15.0
Mitigation,0.4888405243932773,0.8589484127096897,-0.47547365681228554,0.27705667355555885,8.0
