keyword,sentiment_mean,sentiment_std,subjectivity_mean,subjectivity_std,counting
'Hochwasser',0.4223033905932737,0.5484111551180372,0.23570226039551576,0.40824829046386285,4.0
'Überflutung',0.3669917944978712,0.6839963553353904,0.288675134594813,0.40824829046386313,2.0
'Überschwemmung',-0.2529478316335745,0.5818992041760874,-0.1501872861738066,0.6524222230337642,9.0
