topic,sentiment_mean,sentiment_std,subjectivity_mean,subjectivity_std,counting
Adaptation,0.2922422719082853,0.8451211047550515,-0.2586271905293881,0.6345734000484776,32.0
Causes,0.43761338701528235,1.2329738386527918,-0.015295691669302735,1.0157989591068008,18.0
Hazard,-0.13299045238623797,0.9064505165890827,0.03399311193572929,0.9804509326507835,151.0
Impacts,-0.061794131114587536,0.9106656750364504,0.33941524424001174,1.1670093589229964,16.0
Mitigation,0.4374755092685565,0.8493648066937106,-0.4530357027398833,0.2569242869585677,8.0
