week,sentiment_mean,sentiment_std,subjectivity_mean,subjectivity_std,counting
2025-38,0.06020596963852276,1.0611073814889407,0.08325100857784581,0.929917283059757,9.0
2025-39,-0.06021932660199967,1.0663907348334436,-0.08480035404782198,0.9058956682024534,19.0
2025-40,0.32408395225339415,0.7299057498178837,0.7059184713956496,0.7956720727160282,20.0
2025-41,-0.2788387716896875,0.9955496495710109,-0.03654773084201807,0.7271665299342539,6.0
2025-42,0.09634888177475626,0.789917248319327,-0.43947750497814414,0.24029405124428482,6.0
2025-43,-0.08709200384809765,0.8207520424221212,-0.45445310265226313,0.8721425003548041,14.0
2025-44,-0.01301657310194726,0.38228562845598224,-0.1889822365046136,0.26726124191242434,2.0
2025-45,-0.34487214668710625,0.7701730995203406,-0.6299361422864406,0.39649706953011166,7.0
