topic,sentiment_mean,sentiment_std,subjectivity_mean,subjectivity_std,counting
Adaptation,0.18863224066622922,0.8630157908840138,0.06975139081076048,0.9060588046715957,48.0
Causes,0.1647895328855458,1.1817780588004962,-0.1058871399194682,0.9027025751612189,32.0
Hazard,-0.061162803482633026,0.966667526623713,0.0018466291525923186,1.000791027525909,300.0
Impacts,-0.03156472798686497,0.7716117228541582,0.18374106805202628,0.9724083325472339,27.0
Mitigation,0.3356413486293786,0.9880456351559057,-0.369452804466218,0.28936411659416045,14.0
