topic,sentiment_mean,sentiment_std,subjectivity_mean,subjectivity_std,counting
Adaptation,0.1887681909109635,0.8691530624983717,0.07682652342850506,0.9136250706386357,52.0
Causes,0.1311283312444529,1.1460285491892184,-0.09685078967529893,0.8906956782676918,33.0
Hazard,-0.05200705960144026,0.9703282342205566,-0.0002901143728081498,0.9934376573858916,335.0
Impacts,-0.05651342124665127,0.8949457448129398,0.2681898651379061,1.0694704950583975,31.0
Mitigation,0.2381897658383011,0.8724804317119323,-0.377858591770563,0.37451233367713127,22.0
