topic,sentiment_mean,sentiment_std,subjectivity_mean,subjectivity_std,counting
Adaptation,0.34545986357805464,0.8623488895225665,-0.1630264967896603,0.7288216784982291,38.0
Causes,0.398904912880033,1.2099732083209243,-0.07431936771292073,0.9776646111257499,22.0
Hazard,-0.12150120955035766,0.9251750472934493,0.026166099630207704,0.9814279209882708,190.0
Impacts,-0.11808766484566667,0.881490253287864,0.2920022481255279,1.1617222170485015,20.0
Mitigation,0.3679131199305048,0.8272734009434135,-0.45872901844595265,0.23424762292852952,9.0
