topic,sentiment_mean,sentiment_std,subjectivity_mean,subjectivity_std,counting
Adaptation,0.23891954883078073,0.9132357570629615,0.03112273458324779,0.9306090879077699,64.0
Causes,0.1756282003510613,1.155686972487378,-0.11748820900615124,0.8469122167741255,38.0
Hazard,-0.048814854347546385,0.9617908193119812,0.0032326218038100075,0.9984631936651287,382.0
Impacts,-0.11765315988177258,0.9087914502492396,0.2608024633585907,1.054500811839104,33.0
Mitigation,0.02606754174575847,0.9103235508756028,-0.2660553272234025,0.5565217532308364,26.0
