keyword,sentiment_mean,sentiment_std,subjectivity_mean,subjectivity_std,counting
'Hochwasser Deiche',0.9639234903751678,0.4046099896598747,0.11694369615158225,0.5705159962314788,3.0
'Hochwasser Feuerwehr',0.19568688887409716,1.0,,1.0,1.0
'Hochwasser Pegel',0.032844747211131106,0.05806119912138395,-0.588169176395428,0.1993412941945515,2.0
'Hochwasser Regen',1.1237807773253532,1.0,-0.9271726499455307,1.0,1.0
'Hochwasser Tote',-0.1849418780835035,0.7384526877635579,0.3912852101228352,0.44663914908828034,2.0
'Hochwasser',-0.01583408465922865,0.9599792938650364,-0.07878340164212949,0.9776304505008657,26.0
'Hochwasserschutz',0.15043732845546062,0.7801651560325223,-0.40754681898530243,0.5674964869127503,12.0
'Überflutung',-0.19498283775824915,1.5716338785414687,1.4769499584132488,1.0,2.0
'Überschwemmung',-0.24545666294099736,0.7829282684198324,0.32080848966594233,0.8212115055978326,16.0
