topic,sentiment_mean,sentiment_std,subjectivity_mean,subjectivity_std,counting
Adaptation,0.17091782261765057,0.8747116630372143,0.07933457544647773,0.9153223386914633,52.0
Causes,0.22465307301676157,1.185378814173938,-0.11948185951134538,0.8552962403938111,36.0
Hazard,-0.05873899748418453,0.960792099302441,0.0011656791967569976,0.996263375654779,339.0
Impacts,-0.06187914339761978,0.8939588894978088,0.2667590081134681,1.0683438614147727,31.0
Mitigation,0.2398109074713935,0.8858346612891184,-0.3694560490884389,0.3820038260653461,21.0
