week,sentiment_mean,sentiment_std,subjectivity_mean,subjectivity_std,counting
2025-38,0.06711344918816332,0.9928089421864231,0.04787940533570608,0.8868256530487302,9.0
2025-39,-0.12919749272771097,1.047934627372703,-0.1671765517914641,0.8880112318567533,19.0
2025-40,0.2946858155727642,0.6912594912079465,0.5983179290838547,0.8018174068244396,20.0
2025-41,-0.3275000856865233,1.0503012575463115,-0.06352701514550124,0.7102870367471534,6.0
2025-42,0.08931694018205573,0.7838929824764894,-0.44597172248416,0.23980729322030422,6.0
2025-43,-0.1254271373817005,0.787533477204322,-0.5527811805953935,0.7877563423595157,13.0
2025-44,-0.2833333333333333,1.0,0.0,1.0,1.0
