week,sentiment_mean,sentiment_std,subjectivity_mean,subjectivity_std,counting
2025-38,0.05891870121445334,1.0366454069034643,0.19226543518130107,0.9455026554179561,9.0
2025-39,-0.12478072796704574,1.0607407032356337,-0.13733925678720174,0.9680264098092765,19.0
2025-40,0.26821509308297076,0.5301202971145563,0.5092546305979422,0.7301832519983911,16.0
2025-41,-0.5061846168440433,0.8613140282146514,0.0428704383754232,0.6493696999703806,6.0
2025-42,0.327130475304534,0.6901491645123193,-0.223606797749979,0.31622776601683794,4.0
2025-43,0.023731196754155946,0.7809511712190965,-0.8035230276639268,0.07007327608505945,11.0
