topic,sentiment_mean,sentiment_std,subjectivity_mean,subjectivity_std,counting
Adaptation,0.2804482305966024,0.870078300818255,-0.2654718241761853,0.6229050959142388,32.0
Causes,0.44375596826070063,1.243769374337698,-0.017692123579400382,1.0181914279084132,18.0
Hazard,-0.12539459211832057,0.9059474848913396,0.034147582021105884,0.9781747165966457,160.0
Impacts,-0.051011607563083386,0.9126344424681486,0.3467681624916096,1.1872325112844742,16.0
Mitigation,0.4469628731862589,0.8611046985110338,-0.45329755371146846,0.2572014654929164,8.0
