topic,sentiment_mean,sentiment_std,subjectivity_mean,subjectivity_std,counting
Adaptation,0.33152471925060506,0.7979403592131883,-0.234895539037582,0.5599835132436315,18.0
Causes,0.5678305614518654,0.7485692134105815,0.1909424500181565,1.2248004051987837,3.0
Hazard,-0.12063408308440088,0.9248743555654517,0.037488637341078775,0.9680708790808721,63.0
Impacts,0.2792531493594219,0.29632563615669055,0.3318207390484093,0.7459963977519447,3.0
Mitigation,0.4071417915387065,1.0,-0.408248290463863,1.0,1.0
