week,sentiment_mean,sentiment_std,subjectivity_mean,subjectivity_std,counting
2025-38,0.24990395058593726,0.6108858877460929,0.3419475959273766,0.3524037193975719,6.0
2025-39,0.0,1.0,0.0,1.0,1.0
2025-40,-0.1753985182320655,0.48762820005865104,0.056747829334359436,0.675896584149842,3.0
2025-41,-0.9043341316696537,0.27892159392412064,-1.1547005383792515,1.0,2.0
2025-42,0.3273689270621825,0.6301244943590378,0.0,0.0,3.0
