week,sentiment_mean,sentiment_std,subjectivity_mean,subjectivity_std,counting
2025-38,0.09567934408694946,1.14278054594224,0.12130028730249319,1.0225568183816567,9.0
2025-39,-0.021796275068723673,1.0598757353431587,-0.053993318933677516,0.9322540709425833,19.0
2025-40,0.38037156188368326,0.7345063621210778,0.7710828403586296,0.8155273400332815,20.0
2025-41,-0.2575892249986323,1.0278374102227734,-0.02233886709970373,0.7344064469045465,6.0
2025-42,0.12014631632426725,0.8126850000074856,-0.4344302020690382,0.24139672449304164,6.0
2025-43,-0.05190941284082886,0.8338726796190172,-0.43129876352304586,0.8650618902361052,14.0
2025-44,-0.01301657310194726,0.38228562845598224,-0.1889822365046136,0.26726124191242434,2.0
2025-45,-0.41077150226022646,0.6554343880451023,-0.5992029657413999,0.34500252938498904,11.0
2025-46,-1.168599363439557,1.0,-0.6528992555726435,1.0,1.0
