topic,sentiment_mean,sentiment_std,subjectivity_mean,subjectivity_std,counting
Adaptation,0.2122137864624496,0.9123396280816893,0.05962631748319011,0.945951328094959,58.0
Causes,0.1693743318246951,1.174890466070807,-0.12360566103247198,0.8351864177247964,37.0
Hazard,-0.042687422419742944,0.9614318968331028,0.0022240553961785994,0.996250712352905,372.0
Impacts,-0.10088984028477137,0.9052898010772938,0.24582408693527524,1.0520227097867971,33.0
Mitigation,0.032728336529446476,0.8911829575005759,-0.27541410488339574,0.5532531790722944,26.0
