week,sentiment_mean,sentiment_std,subjectivity_mean,subjectivity_std,counting
2025-38,-0.11790347091059825,0.7928917272503528,0.2854694640519764,0.624947509482534,7.0
2025-39,0.08116702458488179,0.8221538489788431,-0.12553727313441515,1.1007048266552517,12.0
2025-40,0.11267056155824157,0.6893891653560896,0.029989177820131153,0.7221608301746096,13.0
2025-41,-0.4663876226843784,1.1648807828350416,0.05900862790348079,0.6084647918704145,5.0
2025-42,0.30546853696342313,0.6785897693728278,-0.25,0.3535533905932738,4.0
