topic,sentiment_mean,sentiment_std,subjectivity_mean,subjectivity_std,counting
Adaptation,0.4477553512055799,0.9639279383083413,-0.40200574949110596,0.5500650618252799,20.0
Causes,0.21749036660700644,0.866119417047561,0.07266921808222102,1.0844799752217402,10.0
Hazard,-0.1122018213133968,0.9245982902536001,0.00715394023880395,0.937502941325614,106.0
Impacts,0.10254524935181802,0.7349222556638448,0.6070854839402632,1.1202343108419788,9.0
Mitigation,0.4071417915387065,1.0,-0.408248290463863,1.0,1.0
