topic,sentiment_mean,sentiment_std,subjectivity_mean,subjectivity_std,counting
Adaptation,0.24832897553361466,0.7940310578060894,-0.31188482260610334,0.5401620939482361,15.0
Causes,0.5678305614518654,0.7485692134105815,0.1909424500181565,1.2248004051987837,3.0
Hazard,-0.11077372114547293,0.9083414970530255,0.05962072612920373,0.9304693915121954,53.0
Impacts,0.3677195559057712,0.04312860758463761,0.5924320157547905,0.7311036896410165,2.0
Mitigation,0.4071417915387065,1.0,-0.408248290463863,1.0,1.0
