topic,sentiment_mean,sentiment_std,subjectivity_mean,subjectivity_std,counting
Adaptation,0.28276096868491035,0.8665988012341058,-0.402282251604308,0.5858877424317936,8.0
Hazard,-0.05967013576556841,0.7990844917634952,0.1024053103337812,0.8595335629739763,30.0
Impacts,-0.33787856218272183,0.5221675549260736,0.22079082327636942,0.6877546232750372,2.0
Mitigation,0.7071067811865476,1.0,,1.0,1.0
