topic,sentiment_mean,sentiment_std,subjectivity_mean,subjectivity_std,counting
Adaptation,0.2838485969919212,0.8728491629418152,-0.2619902613174659,0.6237192932897955,32.0
Causes,0.44612233627901965,1.2479699540280134,-0.015656452416926665,1.016887165751518,18.0
Hazard,-0.12393872428084199,0.9024477864579925,0.03285425172740255,0.9754104457881965,162.0
Impacts,-0.051011607563083386,0.9126344424681486,0.3467681624916096,1.1872325112844742,16.0
Mitigation,0.4474044038844043,0.8606323575380032,-0.4522070155887147,0.25634723606921744,8.0
