topic,sentiment_mean,sentiment_std,subjectivity_mean,subjectivity_std,counting
Adaptation,0.28037155436974015,0.9473278823363125,-0.35407029400746404,0.5425277892808824,22.0
Causes,0.3150143753945011,1.0477024592506228,-0.0228586192103047,1.0158959170252324,16.0
Hazard,-0.11199956043389489,0.9170880135378787,0.015983154796497822,0.9460959717333736,120.0
Impacts,0.16825902459038541,0.7734033285704855,0.49702976545002303,1.156577162300506,12.0
Mitigation,0.13644202196744815,0.6851910278106507,-0.4238156026935049,0.31121239953591645,4.0
