topic,sentiment_mean,sentiment_std,subjectivity_mean,subjectivity_std,counting
Adaptation,0.17794289667444252,0.8658892405052688,0.061840112206069456,0.8897988854589071,48.0
Causes,0.12829948996031645,1.1430374836908892,-0.11659163557806886,0.8733164643748866,32.0
Hazard,-0.05596616094512562,0.9637231052312227,-0.0032679456938626444,0.9908493920490564,310.0
Impacts,0.009625737202431341,0.8588974454267583,0.2625310266896428,1.0707131138653811,29.0
Mitigation,0.3086225118638831,0.9891364342053294,-0.3618830032043979,0.27635538747094784,14.0
