topic,sentiment_mean,sentiment_std,subjectivity_mean,subjectivity_std,counting
Adaptation,0.17102999593218374,0.8785376563138009,0.08370766919476096,0.9214716571633698,52.0
Causes,0.21919339449292405,1.166353186111593,-0.11749344473497077,0.8567675093240328,36.0
Hazard,-0.04432534008202722,0.9657442199222142,0.003088869331938679,0.9973193487321951,351.0
Impacts,-0.05238263134654253,0.8927329305738397,0.27383702760699374,1.071417274870489,31.0
Mitigation,0.02948528067551943,0.8984181498905098,-0.35675377893241583,0.4106017048493983,25.0
