topic,sentiment_mean,sentiment_std,subjectivity_mean,subjectivity_std,counting
Adaptation,0.23324673216316935,0.9032158845039526,0.04135292626447784,0.9370155178132812,64.0
Causes,0.1703076038450518,1.1513936320721077,-0.11589594218418316,0.8440337052017837,39.0
Hazard,-0.047409958152197104,0.9645158200728366,0.0005943013010046689,0.9971105208535317,394.0
Impacts,-0.10270256545092772,0.9002928730751703,0.26888673279657344,1.052573670088465,33.0
Mitigation,0.037382401861666525,0.9082600097926075,-0.2588475015204868,0.5539121379070109,26.0
