topic,sentiment_mean,sentiment_std,subjectivity_mean,subjectivity_std,counting
Adaptation,0.32378207796420194,0.7684188026168123,-0.24438858751768672,0.537800633160887,16.0
Causes,0.5678305614518654,0.7485692134105815,0.1909424500181565,1.2248004051987837,3.0
Hazard,-0.11673176952332996,0.9185973783310051,0.0454231731467158,0.9564124398901326,60.0
Impacts,0.2792531493594219,0.29632563615669055,0.3318207390484093,0.7459963977519447,3.0
Mitigation,0.4071417915387065,1.0,-0.408248290463863,1.0,1.0
