topic,sentiment_mean,sentiment_std,subjectivity_mean,subjectivity_std,counting
Adaptation,0.16831176960151442,0.8824944896232495,0.07997323768879613,0.9310757726906528,52.0
Causes,0.21868829612102733,1.1677273850637166,-0.11854962910103567,0.8572752803469854,36.0
Hazard,-0.04337014578666544,0.9653828044174158,0.003705531474741564,0.9962005466749977,355.0
Impacts,-0.05274960724938139,0.8929296633827084,0.27311082203664117,1.0715043812126017,31.0
Mitigation,0.02971179151189629,0.9012276808828684,-0.3566638914625231,0.4108635051138322,25.0
