topic,sentiment_mean,sentiment_std,subjectivity_mean,subjectivity_std,counting
Adaptation,0.23682992006985873,0.9678403956067452,-0.27076706308563114,0.5664515319748595,22.0
Causes,0.29126999416705973,1.0290218240233404,-0.018575591707942336,1.023659480673599,17.0
Hazard,-0.10777816441827204,0.9159317504072222,0.015451361766664746,0.9536464144408355,136.0
Impacts,0.04547880876159622,0.8535153280902166,0.4026499215914822,1.2024893776275138,14.0
Mitigation,0.5989446041684398,0.8646447980163001,-0.43342659119115273,0.2779598034325896,7.0
