topic,sentiment_mean,sentiment_std,subjectivity_mean,subjectivity_std,counting
Adaptation,0.31313456083940205,0.7842592606379116,-0.2645039512206975,0.5920759969568355,15.0
Causes,1.1237807773253532,1.0,-0.9271726499455307,1.0,1.0
Hazard,-0.1013754128106552,0.8854755905782435,0.08256523753844384,0.9315408371265853,46.0
Impacts,-0.1849418780835035,0.7384526877635579,0.3912852101228352,0.44663914908828034,2.0
Mitigation,0.19568688887409716,1.0,,1.0,1.0
