topic,sentiment_mean,sentiment_std,subjectivity_mean,subjectivity_std,counting
Adaptation,0.22749074095066749,0.913722574019882,0.0494554731581832,0.9418141981938133,62.0
Causes,0.18316085141494973,1.1577373474673345,-0.12071097711542213,0.8391038473954754,38.0
Hazard,-0.048333304547976054,0.9604519949933858,0.002026209848338327,0.9957218031479566,376.0
Impacts,-0.10680789346677637,0.9049478021983687,0.2536659085277447,1.0550780086888507,33.0
Mitigation,0.032845627785266326,0.9046451573351153,-0.27044252881711256,0.5569578384328374,26.0
