topic,sentiment_mean,sentiment_std,subjectivity_mean,subjectivity_std,counting
Adaptation,0.30354740792782114,0.8744617198558824,-0.23900730377094956,0.6362802602401233,34.0
Causes,0.2781757739887136,1.1932214423212095,-0.06809690729480661,1.000213984729662,20.0
Hazard,-0.10725666288052342,0.9240709075098394,0.029014311747536877,0.9815947117700718,176.0
Impacts,-0.03862514838864357,0.9187073175604762,0.37395487265997357,1.1751136397696138,18.0
Mitigation,0.4466160541414223,0.8715374008878805,-0.45101285557795884,0.2563264636871933,8.0
