topic,sentiment_mean,sentiment_std,subjectivity_mean,subjectivity_std,counting
Adaptation,0.18340657863238152,0.9145860928794539,0.06349145068587153,0.9328955593913467,54.0
Causes,0.20477506152446504,1.170988130822199,-0.12558881200482797,0.8631595299630836,36.0
Hazard,-0.04355331239000567,0.9631313293848529,0.0016733719764153413,0.9963433928992455,362.0
Impacts,-0.06808257200689134,0.8944309440642061,0.2755203836593092,1.0488246110172708,31.0
Mitigation,0.03544523555070286,0.8815680717027605,-0.28575922524942726,0.5388471886806516,26.0
