topic,sentiment_mean,sentiment_std,subjectivity_mean,subjectivity_std,counting
Adaptation,0.28781632580382915,0.8088143278395197,-0.021578640823235833,0.815087904776324,40.0
Causes,0.31948474387979814,1.167637233368265,-0.04008762505165943,0.9359976910282238,27.0
Hazard,-0.08149265558944835,0.9541152743095774,0.009553223011196934,1.0048604601132143,271.0
Impacts,-0.12886379499633682,0.8609286417914052,0.17981198484702285,0.997696031258067,24.0
Mitigation,0.3239467878730496,1.032649822972118,-0.36273398710591004,0.28924314451287997,14.0
