topic,sentiment_mean,sentiment_std,subjectivity_mean,subjectivity_std,counting
Adaptation,0.2928133122071157,0.8370093981119531,-0.1201095292845818,0.7410248839175291,38.0
Causes,0.3819970758779217,1.1859479487628888,-0.06695326667724424,0.965502047827582,22.0
Hazard,-0.10204101433002316,0.9351338159467592,0.022793124729716847,1.0007819127739122,214.0
Impacts,-0.18248742813347318,0.8568643768783922,0.2706253622934011,1.0206188621695231,20.0
Mitigation,0.4962293229136296,0.9874920926879378,-0.44554977402641854,0.23770567706188755,11.0
