week,sentiment_mean,sentiment_std,subjectivity_mean,subjectivity_std,counting
2025-38,0.05327935122041664,1.0557680102872624,0.07524590577951744,0.9146701335757152,9.0
2025-39,-0.11155279482786264,1.077754696312829,-0.126553074311551,0.9128209782957414,19.0
2025-40,0.2875428416509195,0.7278550964173218,0.6588433118488405,0.8237301427115106,20.0
2025-41,-0.3078043102178135,1.0384354827006026,-0.046378513542696155,0.7167637150136271,6.0
2025-42,0.09634888177475626,0.789917248319327,-0.43947750497814414,0.24029405124428482,6.0
2025-43,-0.09813619828325945,0.789788823759627,-0.489712110994671,0.8135650881379878,14.0
2025-44,-0.2833333333333333,1.0,0.0,1.0,1.0
2025-45,-0.011979042463087848,0.6192218616723727,-0.4789282222074321,0.3624449064540971,5.0
